<?xml version="1.0" encoding="utf-8"?>
<!--
- phpMyAdmin XML Dump
- version 5.2.1
- https://www.phpmyadmin.net
-
- Хост: MySQL-8.2
- Время создания: Май 29 2025 г., 17:53
- Версия сервера: 8.2.0
- Версия PHP: 8.1.28
-->

<pma_xml_export version="1.0" xmlns:pma="https://www.phpmyadmin.net/some_doc_url/">
    <!--
    - Structure schemas
    -->
    <pma:structure_schemas>
        <pma:database name="doc_flow" collation="utf8mb4_0900_ai_ci" charset="utf8mb4">
            <pma:table name="documents">
                CREATE TABLE `documents` (
                  `id` int NOT NULL AUTO_INCREMENT,
                  `doc_number` varchar(50) NOT NULL,
                  `title` varchar(255) NOT NULL,
                  `doc_type` enum(&#039;Договор&#039;,&#039;Приказ&#039;,&#039;Заявление&#039;,&#039;Счет&#039;,&#039;Акт&#039;) NOT NULL,
                  `description` text,
                  `file_path` varchar(255) DEFAULT NULL,
                  `status` enum(&#039;Черновик&#039;,&#039;На согласовании&#039;,&#039;Утвержден&#039;,&#039;Отклонен&#039;,&#039;Архив&#039;) DEFAULT &#039;Черновик&#039;,
                  `created_by` int NOT NULL,
                  `created_at` timestamp NULL DEFAULT CURRENT_TIMESTAMP,
                  `updated_at` timestamp NULL DEFAULT NULL,
                  `direction` enum(&#039;Входящие&#039;,&#039;Исходящие&#039;,&#039;Внутренние&#039;,&#039;Архив&#039;) CHARACTER SET utf8mb4 COLLATE utf8mb4_0900_ai_ci DEFAULT &#039;Входящие&#039;,
                  PRIMARY KEY (`id`),
                  UNIQUE KEY `doc_number` (`doc_number`),
                  KEY `created_by` (`created_by`),
                  CONSTRAINT `documents_ibfk_1` FOREIGN KEY (`created_by`) REFERENCES `users` (`id`)
                ) ENGINE=InnoDB AUTO_INCREMENT=12 DEFAULT CHARSET=utf8mb4 COLLATE=utf8mb4_0900_ai_ci;
            </pma:table>
            <pma:table name="users">
                CREATE TABLE `users` (
                  `id` int NOT NULL AUTO_INCREMENT,
                  `username` varchar(50) NOT NULL,
                  `password` varchar(255) NOT NULL,
                  `full_name` varchar(100) NOT NULL,
                  `email` varchar(100) NOT NULL,
                  `role` enum(&#039;admin&#039;,&#039;user&#039;,&#039;manager&#039;) DEFAULT &#039;user&#039;,
                  `created_at` timestamp NULL DEFAULT CURRENT_TIMESTAMP,
                  `last_login` timestamp NULL DEFAULT NULL,
                  PRIMARY KEY (`id`),
                  UNIQUE KEY `username` (`username`),
                  UNIQUE KEY `email` (`email`)
                ) ENGINE=InnoDB AUTO_INCREMENT=6 DEFAULT CHARSET=utf8mb4 COLLATE=utf8mb4_0900_ai_ci;
            </pma:table>
        </pma:database>
    </pma:structure_schemas>

    <!--
    - База данных: 'doc_flow'
    -->
    <database name="doc_flow">
        <!-- Таблица documents -->
        <!-- Таблица users -->
    </database>
</pma_xml_export>